﻿<?xml version="1.0" encoding="utf-8"?>
<ArrayOfElement xmlns:xsd="http://www.w3.org/2001/XMLSchema" xmlns:xsi="http://www.w3.org/2001/XMLSchema-instance">
  <Element>
    <name>Продажи и погашения сберегательных сертификатов</name>
    <query>select
  x.name_gosb as "ГОСБ",
  x.num_osb as "ОСБ",
  rm.fio as "РегМенеджер",
  x.sm_name_vsp as "ВСП",
  x.oper_date as "ДатаОпер",
  x.okr_name as "ФИОСотрудника",
  x.dolzhnost as "Должность",
  cs.name_client_segment as "Сегмент",
  x.oper_type as "Тип_Операции",
  x.srok as "Срок",
  x.percent as "Ставка",
  x.summ as "Сумма",
  1 as "Кол-во"
from vw_sbercert_open x
inner join
table(pkg_reporting.Valid_Id_Org_Struct(:UserID,'Все','Все','Все','Все')) vs
  on vs.id_org_struct = x.id_org_struct
left join utl_reg_manager rm
  on x.id_org_struct = rm.id_org_struct
left join dmn_client_segment cs
  on x.id_client_segment = cs.id_client_segment
where x.day between :DateStart and :DateEnd</query>
    <isUserId>false</isUserId>
    <paramList>
      <ElParam>
        <Name>UserID</Name>
        <ViewName />
        <Type>NVarChar</Type>
        <MinValQuery />
        <MaxValQuery />
      </ElParam>
      <ElParam>
        <Name>DateStart</Name>
        <ViewName>Начальная дата</ViewName>
        <Type>DateTime</Type>
        <MinValQuery />
        <MaxValQuery>select max(d.rep_date) maxday from utl_etl_dates d</MaxValQuery>
      </ElParam>
      <ElParam>
        <Name>DateEnd</Name>
        <ViewName>Конечная дата</ViewName>
        <Type>DateTime</Type>
        <MinValQuery />
        <MaxValQuery>select max(d.rep_date) maxday from utl_etl_dates d</MaxValQuery>
      </ElParam>
    </paramList>
    <SecurityGroup>1.05.1 Специальные - Вклад инвестиционный Продажи Депозит ПИФ</SecurityGroup>
    <IsStoredProcedure>false</IsStoredProcedure>
    <rowNumInTemplate>0</rowNumInTemplate>
    <TemplSheetName />
  </Element>
</ArrayOfElement>