<?xml version="1.0" encoding="utf-8"?>
<ArrayOfDBConnection xmlns:xsd="http://www.w3.org/2001/XMLSchema" xmlns:xsi="http://www.w3.org/2001/XMLSchema-instance">
  <DBConnection>
    <type>Oracle</type>
    <type_Of_Usage>System</type_Of_Usage>
    <value>Data Source=;User ID=;Password=;Unicode=True;Max Pool Size=23</value>
  </DBConnection>
  <DBConnection>
    <type>Oracle</type>
    <type_Of_Usage>User</type_Of_Usage>
    <value>Data Source=;User ID=;Password=;Unicode=True;Max Pool Size=23</value>
  </DBConnection>
</ArrayOfDBConnection>