﻿<?xml version="1.0" encoding="utf-8" ?>
<!DOCTYPE queries [
  <!ELEMENT queries ANY>
  <!ELEMENT query ANY>
  <!ATTLIST query id ID #REQUIRED>
]>

<queries>
  <query id ="Insert_UTL_REPORTS_COLUMN_NAMES">
    <![CDATA[ insert into @ReportsColumnNames
                (reportname, basecolumnname, excelcolumnname)
              values
                (:reportname, :basecolumnname, :excelcolumnname) ]]>
  </query>
  <query id ="Delete_UTL_REPORTS_COLUMN_NAMES">
    <![CDATA[ delete @ReportsColumnNames
                where reportname = :reportname ]]>
  </query>
  <query id ="Select_UTL_REPORTS_COLUMN_NAMES_BY_REPORTNAME">
    <![CDATA[ select reportname, basecolumnname, excelcolumnname from @ReportsColumnNames
  where reportname = :reportname ]]>
  </query>

  <query id ="CopyToLog_utl_reports_column_names_log">
    <![CDATA[   insert into @ReportsColumnNamesLog
  (reportname, basecolumnname, excelcolumnname, user_name, modifieddate)
  select reportname, basecolumnname, excelcolumnname,:user_name,:modifieddate
  from utl_reports_column_names where reportname = :reportname ]]>
  </query>
</queries>
